<?xml version="1.0" encoding="UTF-8"?>
<project-private xmlns="http://www.netbeans.org/ns/project-private/1">
    <editor-bookmarks xmlns="http://www.netbeans.org/ns/editor-bookmarks/2" lastBookmarkId="0"/>
    <open-files xmlns="http://www.netbeans.org/ns/projectui-open-files/2">
        <group>
            <file>file:/home/carlos/NetBeansProjects/JavaAdvDiciembreMañana/Clase04/src/ar/com/eduit/curso/java/adv/serializado/Persona.java</file>
            <file>file:/home/carlos/NetBeansProjects/JavaAdvDiciembreMañana/Clase04/src/ar/com/eduit/curso/java/adv/serializado/ClientSerializable.java</file>
            <file>file:/home/carlos/NetBeansProjects/JavaAdvDiciembreMañana/Clase04/src/ar/com/eduit/curso/java/adv/sockets/Clase03.java</file>
            <file>file:/home/carlos/NetBeansProjects/JavaAdvDiciembreMañana/Clase04/src/ar/com/eduit/curso/java/adv/chat/MapaDirecciones.java</file>
            <file>file:/home/carlos/NetBeansProjects/JavaAdvDiciembreMañana/Clase04/src/ar/com/eduit/curso/java/adv/chat/ServerChat.java</file>
            <file>file:/home/carlos/NetBeansProjects/JavaAdvDiciembreMañana/Clase04/src/ar/com/eduit/curso/java/adv/chat/Chat.java</file>
            <file>file:/home/carlos/NetBeansProjects/JavaAdvDiciembreMañana/Clase04/src/ar/com/eduit/curso/java/adv/serializado/ServerSerializable.java</file>
            <file>file:/home/carlos/NetBeansProjects/JavaAdvDiciembreMañana/Clase04/src/ar/com/eduit/curso/java/adv/serializado/App.java</file>
        </group>
    </open-files>
</project-private>
