<?xml version="1.0" encoding="UTF-8"?>
<project-private xmlns="http://www.netbeans.org/ns/project-private/1">
    <editor-bookmarks xmlns="http://www.netbeans.org/ns/editor-bookmarks/2" lastBookmarkId="0"/>
    <open-files xmlns="http://www.netbeans.org/ns/projectui-open-files/2">
        <group>
            <file>file:/home/carlos/NetBeansProjects/JavaAdvDiciembreMañana/Clase03/src/ar/com/eduit/curso/java/adv/sockets/ClienteMinimo.java</file>
            <file>file:/home/carlos/NetBeansProjects/JavaAdvDiciembreMañana/Clase03/src/ar/com/eduit/curso/java/adv/hilos/App.java</file>
            <file>file:/home/carlos/NetBeansProjects/JavaAdvDiciembreMañana/Clase03/src/ar/com/eduit/curso/java/adv/hilos/Empleado.java</file>
            <file>file:/home/carlos/NetBeansProjects/JavaAdvDiciembreMañana/Clase03/src/ar/com/eduit/curso/java/adv/sockets/Clase03.java</file>
            <file>file:/home/carlos/NetBeansProjects/JavaAdvDiciembreMañana/Clase03/src/ar/com/eduit/curso/java/adv/hilos/Saludo.java</file>
            <file>file:/home/carlos/NetBeansProjects/JavaAdvDiciembreMañana/Clase03/src/ar/com/eduit/curso/java/adv/sockets/ServerMinimo.java</file>
            <file>file:/home/carlos/NetBeansProjects/JavaAdvDiciembreMañana/Clase03/src/ar/com/eduit/curso/java/adv/sockets/ClienteMinimo2.java</file>
        </group>
    </open-files>
</project-private>
